SKU,Stock
1028-130389-21109,20
1028-130393-21110,5
1028-130393-20719,20
1028-130391-21112,5
1028-130397-20510,5
1028-131510-21200,20
1015-131640,50
1015-131641,50
1015-131631,20
1015-131639,50
1009-130765-20747,30
1009-130704-20975,50
1009-130706-21007,50
1009-130767-20914,50
1009-130788,20
1009-131194,50
1009-130787,50
1009-131282,50
1009-130896,50
1009-130786,50
1009-131588-21242,50
1009-131589-21243,50
1009-131691-21244,50
1009-131585-21189,50
1009-131692-21245,50
1009-131632,50
1009-131694-21237,50
1009-131695-21238,50
1009-131566,50
1009-131565,50
1009-131564,50
1009-131642,50
1009-131693-21239,50
1009-130717-20694,20
1009-131157-21105,50
1009-130775,20
1009-131158-21104,50
1009-130716,50
1009-131028,50
1009-131036,50
1009-131024,50
1009-131025,50
1009-131026,50
1009-131004,50
1009-131593-21241,50
1009-130871,50
1009-130867,50
1009-130873,50
1009-130937,50
1009-130875,50
1042-130246-20453,5
1042-130412,50
1042-130409-20525,50
1042-130411-20524,50
1042-130408-20528,20
1042-130410-20529,30
1042-130880-20783,20
1042-130620-20653,50
1042-131309-21051,50
1042-131262-21009,50
1042-131261-21012,20
1042-131260-21011,20
1042-131699-21250,50
1042-131542-21159,50
1042-131700-21251,50
1042-131476-21162,20
1042-131698-21256,50
1042-131697-21254,50
1042-130415-20526,50
1042-130416-20527,50
1042-130417-20521,50
1042-130413-20523,50
1042-130414-20522,50
1042-130999-20878,5
1042-131310-21053,5
1042-131311-21052,20
1042-131312-21054,5
1042-131047-20902,20
1042-131048-20901,30
1042-130248-20456,30
1042-130622-20654,20
1042-130621-20655,50
1042-129540-20147,20
1042-130247,30
1003-130469,5
1003-131297,5
1003-131672-21236,5
1003-131677-21228,5
1003-131664-21219,20
1003-131665-21222,20
1003-131666-21221,20
1003-131667-21220,20
1003-131382,30
1003-131623-21205,50
1003-131628,50
1003-131269-21204,20
1003-131270-21181,20
1003-131271-21038,30
1003-131308-21039,5
1003-131668,20
1003-131629,50
1003-131669,20
1003-131670-21218,20
1003-131622,30
1003-131155-20935,20
1003-131335-21058,20
1003-131352-21065,5
1003-131276-21014,20
1003-130822-20750,30
1003-131303-21041,20
1003-131569-21172,20
1003-131426-21171,20
1003-131570-21173,5
1003-131178,20
1003-130985,20
1003-131349-21224,5
1003-130837-20809,5
1003-130839-20803,50
1003-131576-21179,5
1003-130913-20827,20
1003-130836-20806,20
1003-130846-20811,20
1003-131236-20999,20
1003-130844-20810,50
1003-131128,50
1003-130806-21180,50
1003-131325,20
47001-131656-21247,50
48001-129254,50
47001-131654-21246,50
50009-131545-21155,5
10002-131110-20953,5
30001-131550,20
30001-131553-21164,5
30001-131552,20
30001-131553,20
30001-131551,20
30003-131140,20
30003-131384,30
30003-131684,20
43003-128798,20
43003-131627,20
43003-130526,20
43003-131373,20
73002-126768,5
2001-131136,5
8001-131653-21211,20
8001-131649-21209,5
8001-131650-21210,30
8001-131651-21208,20
8001-131652-21207,20
8004-131371,50
8004-131408,30
8004-131602,30
8004-131372,30
8004-130316,30
43003-131460,30
8004-131399,20
8004-131466,20
8019-131199,20
8019-131205,5
8019-131203,5
8019-131202,5
8019-131206,5
8019-131207,5
2002-127138,5
2002-127137,30
2002-131579,20
2002-131683,20
2002-131580,20
2002-131581,5
2005-130955,50
2005-130956,5
2005-130981,50
2005-131214,5
2005-130932,20
2005-129108,20
2005-131216,50
2005-131563,20
2005-131682,5
2005-131556,20
2005-131648,5
2005-131243,20
2005-130484,20
2005-130485,20
1042-130623-20657,20
1042-130624-20656,20
2022-131118-20934,30
2022-131702-21252,20
2022-131701-21248,20
1042-130422-20530,20
1042-130254-20452,30
1042-131049-20903,30
2022-131704-21253,30
2022-131703-21255,20
2022-131705-21257,30
2022-131543-21160,30
2022-131544-21161,30
2012-131237-21223,5
19003-127968,50
13012-120117,50
13002-131708-21249,50
48012-130881-20784,50
